state_final,district_norm,total_enrolments,total_updates,update_enrolment_ratio,label,priority_level
rajasthan,beawar,1,510,510.0,"beawar, rajasthan",Monitor
rajasthan,balotra,1,503,503.0,"balotra, rajasthan",Monitor
rajasthan,didwana-kuchaman,2,720,360.0,"didwana-kuchaman, rajasthan",Monitor
rajasthan,salumbar,1,213,213.0,"salumbar, rajasthan",Monitor
maharashtra,ahilyanagar,13,2418,186.0,"ahilyanagar, maharashtra",Monitor
telangana,medchal?malkajgiri,2,350,175.0,"medchal?malkajgiri, telangana",Monitor
manipur,thoubal,1067,59244,55.52389878163074,"thoubal, manipur",Immediate Action
chhattisgarh,sarangarh-bilaigarh,186,8055,43.306451612903224,"sarangarh-bilaigarh, chhattisgarh",Monitor
chhattisgarh,mahasamund,3361,134887,40.13299613210354,"mahasamund, chhattisgarh",Immediate Action
manipur,bishnupur,1117,42055,37.649955237242615,"bishnupur, manipur",Immediate Action
chhattisgarh,balod,1678,59734,35.598331346841476,"balod, chhattisgarh",Immediate Action
chhattisgarh,rajnandgaon,4185,148118,35.39259259259259,"rajnandgaon, chhattisgarh",Immediate Action
maharashtra,gondia,29,975,33.62068965517241,"gondia, maharashtra",Monitor
andhra pradesh,annamayya,1021,33634,32.94221351616063,"annamayya, andhra pradesh",Immediate Action
andhra pradesh,warangal,1059,34766,32.82908404154863,"warangal, andhra pradesh",Immediate Action
chhattisgarh,surguja,3556,115683,32.53177727784027,"surguja, chhattisgarh",Immediate Action
west bengal,hooghiy,1,32,32.0,"hooghiy, west bengal",Monitor
andhra pradesh,srikakulam,4300,135699,31.557906976744185,"srikakulam, andhra pradesh",Immediate Action
chhattisgarh,kawardha,2142,67000,31.279178338001866,"kawardha, chhattisgarh",Immediate Action
chandigarh,chandigarh,2720,83336,30.638235294117646,"chandigarh, chandigarh",Immediate Action
manipur,kakching,109,3325,30.504587155963304,"kakching, manipur",Monitor
andhra pradesh,nandyal,905,27385,30.259668508287294,"nandyal, andhra pradesh",Immediate Action
assam,sribhumi,169,5087,30.100591715976332,"sribhumi, assam",Monitor
andhra pradesh,palnadu,860,25495,29.6453488372093,"palnadu, andhra pradesh",Immediate Action
andhra pradesh,kakinada,969,28269,29.173374613003094,"kakinada, andhra pradesh",Immediate Action
assam,bajali,29,844,29.103448275862068,"bajali, assam",Monitor
andhra pradesh,khammam,1133,32368,28.568402471315093,"khammam, andhra pradesh",Immediate Action
chhattisgarh,kabeerdham,955,27101,28.37801047120419,"kabeerdham, chhattisgarh",Immediate Action
andhra pradesh,eluru,629,17584,27.955484896661368,"eluru, andhra pradesh",Monitor
chhattisgarh,jashpur,2543,71023,27.928824223358237,"jashpur, chhattisgarh",Immediate Action
andhra pradesh,bapatla,492,13514,27.46747967479675,"bapatla, andhra pradesh",Monitor
maharashtra,osmanabad,4026,108833,27.032538499751613,"osmanabad, maharashtra",Immediate Action
ladakh,leh,125,3246,25.968,"leh, ladakh",Monitor
maharashtra,yavatmal,7594,196112,25.824598367131948,"yavatmal, maharashtra",Immediate Action
andhra pradesh,nalgonda,1167,29844,25.573264781491,"nalgonda, andhra pradesh",Immediate Action
telangana,yadadri.,1586,39872,25.13997477931904,"yadadri., telangana",Immediate Action
maharashtra,chandrapur,4475,112071,25.043798882681564,"chandrapur, maharashtra",Immediate Action
haryana,panchkula,1384,34418,24.86849710982659,"panchkula, haryana",Immediate Action
telangana,mancherial,1094,27123,24.79250457038391,"mancherial, telangana",Immediate Action
andhra pradesh,anakapalli,543,13460,24.788213627992633,"anakapalli, andhra pradesh",Monitor
chhattisgarh,gaurela-pendra-marwahi,140,3425,24.464285714285715,"gaurela-pendra-marwahi, chhattisgarh",Monitor
dadra and nagar haveli and daman and diu,daman,130,3168,24.369230769230768,"daman, dadra and nagar haveli and daman and diu",Monitor
telangana,nirmal,1401,33846,24.158458244111348,"nirmal, telangana",Immediate Action
mizoram,serchhip,102,2455,24.068627450980394,"serchhip, mizoram",Monitor
chhattisgarh,janjgir-champa,4672,112160,24.006849315068493,"janjgir-champa, chhattisgarh",Immediate Action
chhattisgarh,mungeli,2957,70564,23.863375042272573,"mungeli, chhattisgarh",Immediate Action
chhattisgarh,korba,3542,83374,23.538678712591757,"korba, chhattisgarh",Immediate Action
mizoram,hnahthial,2,47,23.5,"hnahthial, mizoram",Monitor
telangana,vikarabad,2593,60549,23.350944851523334,"vikarabad, telangana",Immediate Action
tamil nadu,tirupathur,4,93,23.25,"tirupathur, tamil nadu",Monitor
maharashtra,sindhudurg,1202,27892,23.204658901830282,"sindhudurg, maharashtra",Immediate Action
chhattisgarh,dhamtari,1968,44713,22.72002032520325,"dhamtari, chhattisgarh",Immediate Action
telangana,suryapet,2042,45789,22.42360430950049,"suryapet, telangana",Immediate Action
sikkim,mangan,3,67,22.333333333333332,"mangan, sikkim",Monitor
maharashtra,gadchiroli,2374,52698,22.197978096040437,"gadchiroli, maharashtra",Immediate Action
maharashtra,dharashiv,144,3188,22.13888888888889,"dharashiv, maharashtra",Monitor
maharashtra,gondiya,2890,63618,22.013148788927335,"gondiya, maharashtra",Immediate Action
chhattisgarh,narayanpur,762,16765,22.001312335958005,"narayanpur, chhattisgarh",Monitor
jammu and kashmir,budgam,859,18622,21.678696158323632,"budgam, jammu and kashmir",Monitor
maharashtra,solapur,12292,265546,21.603156524568824,"solapur, maharashtra",Immediate Action
uttar pradesh,bhadohi,546,11780,21.575091575091577,"bhadohi, uttar pradesh",Monitor
maharashtra,buldana,1075,22941,21.34046511627907,"buldana, maharashtra",Immediate Action
chhattisgarh,sakti,455,9685,21.285714285714285,"sakti, chhattisgarh",Monitor
chhattisgarh,bemetara,2771,58693,21.181162035366295,"bemetara, chhattisgarh",Immediate Action
maharashtra,bid,568,11918,20.982394366197184,"bid, maharashtra",Monitor
punjab,mansa,1124,23555,20.956405693950177,"mansa, punjab",Immediate Action
telangana,medchal-malkajgiri,4070,85252,20.946437346437346,"medchal-malkajgiri, telangana",Immediate Action
andhra pradesh,chittoor,8199,169636,20.689840224417612,"chittoor, andhra pradesh",Immediate Action
andhra pradesh,adilabad,1419,29291,20.64200140944327,"adilabad, andhra pradesh",Immediate Action
arunachal pradesh,anjaw,37,760,20.54054054054054,"anjaw, arunachal pradesh",Monitor
andhra pradesh,vizianagaram,3856,78887,20.458246887966805,"vizianagaram, andhra pradesh",Immediate Action
punjab,ferozepur,1381,28195,20.416364952932657,"ferozepur, punjab",Immediate Action
chhattisgarh,kondagaon,3038,61964,20.3963133640553,"kondagaon, chhattisgarh",Immediate Action
maharashtra,ratnagiri,2603,53009,20.36457933154053,"ratnagiri, maharashtra",Immediate Action
maharashtra,bhandara,1903,37894,19.912769311613243,"bhandara, maharashtra",Immediate Action
maharashtra,nanded,11947,236789,19.819954800368293,"nanded, maharashtra",Immediate Action
manipur,ukhrul,781,15176,19.431498079385403,"ukhrul, manipur",Monitor
andhra pradesh,tirupati,1719,33230,19.331006399069228,"tirupati, andhra pradesh",Immediate Action
maharashtra,ahmadnagar,11836,227667,19.235130111524164,"ahmadnagar, maharashtra",Immediate Action
andhra pradesh,visakhapatnam,8178,157193,19.221447786744925,"visakhapatnam, andhra pradesh",Immediate Action
telangana,siddipet,1876,35961,19.168976545842217,"siddipet, telangana",Immediate Action
sikkim,south,197,3739,18.97969543147208,"south, sikkim",Monitor
chhattisgarh,raipur,7041,133007,18.890356483454056,"raipur, chhattisgarh",Immediate Action
chhattisgarh,durg,4095,77149,18.83980463980464,"durg, chhattisgarh",Immediate Action
rajasthan,deeg,69,1299,18.82608695652174,"deeg, rajasthan",Monitor
maharashtra,parbhani,6272,116829,18.627072704081634,"parbhani, maharashtra",Immediate Action
telangana,hanumakonda,1030,18975,18.42233009708738,"hanumakonda, telangana",Monitor
andhra pradesh,guntur,9729,177221,18.2157467365608,"guntur, andhra pradesh",Immediate Action
chhattisgarh,koriya,1763,31735,18.000567214974474,"koriya, chhattisgarh",Immediate Action
chhattisgarh,gariyaband,1542,27599,17.89818417639429,"gariyaband, chhattisgarh",Immediate Action
madhya pradesh,dindori,2659,47417,17.832643851071833,"dindori, madhya pradesh",Immediate Action
haryana,rewari,2485,44031,17.718712273641852,"rewari, haryana",Immediate Action
west bengal,jalpaiguri,10654,187511,17.60005631687629,"jalpaiguri, west bengal",Immediate Action
andhra pradesh,ananthapuramu,3187,55944,17.553812362723566,"ananthapuramu, andhra pradesh",Immediate Action
punjab,malerkotla,865,15099,17.45549132947977,"malerkotla, punjab",Monitor
chhattisgarh,manendragarh–chirmiri–bharatpur,294,5113,17.391156462585034,"manendragarh–chirmiri–bharatpur, chhattisgarh",Monitor
haryana,gurgaon,6861,119213,17.375455472963125,"gurgaon, haryana",Immediate Action
maharashtra,kolhapur,7480,129934,17.370855614973262,"kolhapur, maharashtra",Immediate Action
punjab,patiala,5150,89052,17.291650485436893,"patiala, punjab",Immediate Action
tamil nadu,chengalpattu,1253,21533,17.18515562649641,"chengalpattu, tamil nadu",Immediate Action
jharkhand,hazaribag,566,9726,17.18374558303887,"hazaribag, jharkhand",Monitor
chhattisgarh,bilaspur,8941,153341,17.15031875629124,"bilaspur, chhattisgarh",Immediate Action
tamil nadu,kanniyakumari,2275,38678,17.001318681318683,"kanniyakumari, tamil nadu",Immediate Action
manipur,senapati,1501,25510,16.99533644237175,"senapati, manipur",Immediate Action
chhattisgarh,kanker,1705,28840,16.914956011730204,"kanker, chhattisgarh",Immediate Action
telangana,peddapalli,588,9927,16.882653061224488,"peddapalli, telangana",Monitor
chhattisgarh,raigarh,4956,83436,16.83535108958838,"raigarh, chhattisgarh",Immediate Action
maharashtra,beed,10185,171151,16.804221894943545,"beed, maharashtra",Immediate Action
delhi,shahdara,1700,28544,16.790588235294116,"shahdara, delhi",Immediate Action
andhra pradesh,krishna,6737,111849,16.60219682351195,"krishna, andhra pradesh",Immediate Action
punjab,fazilka,1911,31662,16.56828885400314,"fazilka, punjab",Immediate Action
bihar,kishanganj,8764,145141,16.561045184847103,"kishanganj, bihar",Immediate Action
haryana,sirsa,3335,55162,16.54032983508246,"sirsa, haryana",Immediate Action
telangana,jangoan,1022,16900,16.53620352250489,"jangoan, telangana",Monitor
punjab,firozpur,395,6524,16.51645569620253,"firozpur, punjab",Monitor
maharashtra,latur,7607,125627,16.5146575522545,"latur, maharashtra",Immediate Action
maharashtra,raigarh,5230,85867,16.418164435946462,"raigarh, maharashtra",Immediate Action
punjab,faridkot,902,14722,16.32150776053215,"faridkot, punjab",Monitor
maharashtra,satara,6021,98223,16.313403089187844,"satara, maharashtra",Immediate Action
maharashtra,buldhana,7084,114172,16.116883116883116,"buldhana, maharashtra",Immediate Action
haryana,fatehabad,2612,41970,16.068147013782543,"fatehabad, haryana",Immediate Action
manipur,pherzawl,11,176,16.0,"pherzawl, manipur",Monitor
maharashtra,washim,3386,53874,15.910809214412286,"washim, maharashtra",Immediate Action
sikkim,east,370,5867,15.856756756756758,"east, sikkim",Monitor
andhra pradesh,prakasam,7623,120498,15.807162534435262,"prakasam, andhra pradesh",Immediate Action
punjab,moga,1535,24046,15.66514657980456,"moga, punjab",Immediate Action
jammu and kashmir,kupwara,2884,45137,15.650832177531207,"kupwara, jammu and kashmir",Immediate Action
rajasthan,hanumangarh,4940,77237,15.63502024291498,"hanumangarh, rajasthan",Immediate Action
karnataka,hassan,2494,38846,15.575781876503608,"hassan, karnataka",Immediate Action
telangana,mahabubabad,1503,23410,15.575515635395876,"mahabubabad, telangana",Immediate Action
andhra pradesh,anantapur,4415,68745,15.570781426953568,"anantapur, andhra pradesh",Immediate Action
maharashtra,wardha,1953,30342,15.536098310291859,"wardha, maharashtra",Immediate Action
goa,bardez,2,31,15.5,"bardez, goa",Monitor
punjab,nawanshahr,192,2958,15.40625,"nawanshahr, punjab",Monitor
telangana,adilabad,2987,46010,15.40341479745564,"adilabad, telangana",Immediate Action
telangana,wanaparthy,1667,25180,15.10497900419916,"wanaparthy, telangana",Immediate Action
andhra pradesh,kurnool,11770,177645,15.09303313508921,"kurnool, andhra pradesh",Immediate Action
andhra pradesh,ananthapur,1994,30026,15.058174523570711,"ananthapur, andhra pradesh",Immediate Action
puducherry,puducherry,1330,19774,14.867669172932331,"puducherry, puducherry",Monitor
bihar,rohtas,7939,117745,14.831212999118277,"rohtas, bihar",Immediate Action
telangana,nagarkurnool,1361,20170,14.81998530492285,"nagarkurnool, telangana",Immediate Action
jharkhand,latehar,2609,38645,14.812188577999233,"latehar, jharkhand",Immediate Action
tamil nadu,chennai,10043,148368,14.77327491785323,"chennai, tamil nadu",Immediate Action
haryana,palwal,4703,68968,14.66468211779715,"palwal, haryana",Immediate Action
rajasthan,dungarpur,6571,95308,14.504337239385178,"dungarpur, rajasthan",Immediate Action
uttarakhand,champawat,866,12505,14.439953810623557,"champawat, uttarakhand",Monitor
tripura,gomati,679,9761,14.375552282768778,"gomati, tripura",Monitor
uttar pradesh,sonbhadra,5034,72077,14.31803734604688,"sonbhadra, uttar pradesh",Immediate Action
arunachal pradesh,namsai,150,2135,14.233333333333333,"namsai, arunachal pradesh",Monitor
maharashtra,jalna,5590,79540,14.228980322003578,"jalna, maharashtra",Immediate Action
odisha,jharsuguda,1182,16786,14.201353637901862,"jharsuguda, odisha",Monitor
chhattisgarh,surajpur,2977,42067,14.130668458179375,"surajpur, chhattisgarh",Immediate Action
andhra pradesh,cuddapah,5934,83667,14.099595551061679,"cuddapah, andhra pradesh",Immediate Action
mizoram,kolasib,275,3867,14.061818181818182,"kolasib, mizoram",Monitor
uttar pradesh,allahabad,13249,186295,14.061061212166956,"allahabad, uttar pradesh",Immediate Action
punjab,gurdaspur,5120,71972,14.05703125,"gurdaspur, punjab",Immediate Action
gujarat,surat,25469,357582,14.039891632965565,"surat, gujarat",Immediate Action
gujarat,ahmedabad,19130,267884,14.00334553058024,"ahmedabad, gujarat",Immediate Action
rajasthan,banswara,7263,101294,13.946578548809033,"banswara, rajasthan",Immediate Action
andhra pradesh,karimnagar,741,10331,13.941970310391364,"karimnagar, andhra pradesh",Monitor
west bengal,haora,2862,39895,13.939552760307476,"haora, west bengal",Immediate Action
maharashtra,amravati,6915,96191,13.910484454085323,"amravati, maharashtra",Immediate Action
tamil nadu,tiruppur,6192,85946,13.880167958656331,"tiruppur, tamil nadu",Immediate Action
uttar pradesh,auraiya,3733,51799,13.875971068845432,"auraiya, uttar pradesh",Immediate Action
telangana,khammam,3888,53808,13.839506172839506,"khammam, telangana",Immediate Action
punjab,bathinda,2704,37420,13.838757396449704,"bathinda, punjab",Immediate Action
maharashtra,pune,31763,438478,13.804678399395524,"pune, maharashtra",Immediate Action
telangana,sangareddy,2703,37288,13.795042545320015,"sangareddy, telangana",Immediate Action
manipur,jiribam,145,1997,13.772413793103448,"jiribam, manipur",Monitor
uttar pradesh,kushinagar,12181,167255,13.730810278302274,"kushinagar, uttar pradesh",Immediate Action
andhra pradesh,mahbubnagar,722,9897,13.70775623268698,"mahbubnagar, andhra pradesh",Monitor
karnataka,haveri,4242,57630,13.585572842998586,"haveri, karnataka",Immediate Action
uttar pradesh,bijnor,16851,226859,13.462643166577651,"bijnor, uttar pradesh",Immediate Action
maharashtra,nagpur,11828,158901,13.434308420696652,"nagpur, maharashtra",Immediate Action
telangana,karimnagar,5808,77995,13.428891184573002,"karimnagar, telangana",Immediate Action
kerala,kozhikode,6704,89927,13.413931980906922,"kozhikode, kerala",Immediate Action
haryana,kaithal,2991,39974,13.364760949515212,"kaithal, haryana",Immediate Action
punjab,barnala,1013,13504,13.330700888450147,"barnala, punjab",Monitor
jharkhand,palamu,8606,114051,13.252498257029979,"palamu, jharkhand",Immediate Action
maharashtra,akola,4708,62082,13.186491079014443,"akola, maharashtra",Immediate Action
haryana,sonipat,4619,60664,13.133578696687595,"sonipat, haryana",Immediate Action
tamil nadu,coimbatore,8986,117738,13.102381482305809,"coimbatore, tamil nadu",Immediate Action
west bengal,bardhaman,1776,23249,13.090653153153154,"bardhaman, west bengal",Immediate Action
punjab,pathankot,1115,14496,13.000896860986547,"pathankot, punjab",Monitor
tamil nadu,tiruvallur,11435,148408,12.978399650196764,"tiruvallur, tamil nadu",Immediate Action
jharkhand,palamau,286,3686,12.888111888111888,"palamau, jharkhand",Monitor
west bengal,maldah,1756,22566,12.850797266514807,"maldah, west bengal",Immediate Action
punjab,sangrur,2329,29915,12.844568484328038,"sangrur, punjab",Immediate Action
west bengal,bankura,11355,145827,12.842536327608983,"bankura, west bengal",Immediate Action
rajasthan,pratapgarh,3794,48556,12.798102266736953,"pratapgarh, rajasthan",Immediate Action
telangana,narayanpet,1310,16732,12.772519083969465,"narayanpet, telangana",Monitor
andhra pradesh,nellore,5367,68123,12.692938326812,"nellore, andhra pradesh",Immediate Action
rajasthan,ganganagar,5504,69218,12.575944767441861,"ganganagar, rajasthan",Immediate Action
rajasthan,baran,6267,78758,12.567097494814105,"baran, rajasthan",Immediate Action
jharkhand,simdega,2079,26085,12.546897546897547,"simdega, jharkhand",Immediate Action
tamil nadu,ranipet,111,1390,12.522522522522523,"ranipet, tamil nadu",Monitor
telangana,mulugu,937,11698,12.484525080042689,"mulugu, telangana",Monitor
uttarakhand,nainital,3951,49100,12.427233611743862,"nainital, uttarakhand",Immediate Action
punjab,jalandhar,4118,51131,12.416464303059739,"jalandhar, punjab",Immediate Action
west bengal,malda,15830,196468,12.41111813013266,"malda, west bengal",Immediate Action
jharkhand,pakaur,297,3678,12.383838383838384,"pakaur, jharkhand",Monitor
rajasthan,kota,7525,93066,12.367574750830565,"kota, rajasthan",Immediate Action
haryana,jhajjar,2624,32384,12.341463414634147,"jhajjar, haryana",Immediate Action
maharashtra,raigad,3433,42361,12.33935333527527,"raigad, maharashtra",Immediate Action
jammu and kashmir,shupiyan,666,8207,12.322822822822824,"shupiyan, jammu and kashmir",Monitor
assam,bongaigaon,3175,39124,12.32251968503937,"bongaigaon, assam",Immediate Action
sikkim,west,208,2553,12.274038461538462,"west, sikkim",Monitor
himachal pradesh,sirmaur,1584,19418,12.258838383838384,"sirmaur, himachal pradesh",Monitor
uttar pradesh,shrawasti,5117,62721,12.257377369552472,"shrawasti, uttar pradesh",Immediate Action
uttar pradesh,hamirpur,3465,42440,12.248196248196248,"hamirpur, uttar pradesh",Immediate Action
madhya pradesh,niwari,142,1739,12.246478873239436,"niwari, madhya pradesh",Monitor
madhya pradesh,seoni,6081,74283,12.215589541193882,"seoni, madhya pradesh",Immediate Action
tamil nadu,krishnagiri,5075,61909,12.198817733990147,"krishnagiri, tamil nadu",Immediate Action
jammu and kashmir,srinagar,3259,39716,12.186560294568887,"srinagar, jammu and kashmir",Immediate Action
jharkhand,bokaro,5800,70673,12.185,"bokaro, jharkhand",Immediate Action
odisha,ganjam,8116,98839,12.178289797930015,"ganjam, odisha",Immediate Action
telangana,kamareddy,2008,24445,12.173804780876495,"kamareddy, telangana",Immediate Action
mizoram,aizawl,1059,12892,12.17374881964117,"aizawl, mizoram",Monitor
haryana,karnal,4048,49131,12.137104743083004,"karnal, haryana",Immediate Action
haryana,hisar,5234,63206,12.0760412686282,"hisar, haryana",Immediate Action
uttarakhand,pithoragarh,1220,14702,12.050819672131148,"pithoragarh, uttarakhand",Monitor
nagaland,niuland,31,373,12.03225806451613,"niuland, nagaland",Monitor
chhattisgarh,bastar,6608,79431,12.020429782082324,"bastar, chhattisgarh",Immediate Action
uttar pradesh,farrukhabad,5870,70138,11.94855195911414,"farrukhabad, uttar pradesh",Immediate Action
haryana,kurukshetra,2404,28709,11.942179700499167,"kurukshetra, haryana",Immediate Action
kerala,wayanad,1516,18065,11.91622691292876,"wayanad, kerala",Monitor
jharkhand,ramgarh,2979,35460,11.90332326283988,"ramgarh, jharkhand",Immediate Action
himachal pradesh,chamba,1657,19658,11.863608931804466,"chamba, himachal pradesh",Monitor
west bengal,hooghly,15371,182180,11.852189187430877,"hooghly, west bengal",Immediate Action
manipur,chandel,759,8989,11.843214756258234,"chandel, manipur",Monitor
andhra pradesh,rangareddi,1884,22265,11.817940552016985,"rangareddi, andhra pradesh",Immediate Action
karnataka,ramanagar,2949,34834,11.812139708375721,"ramanagar, karnataka",Immediate Action
maharashtra,hingoli,8189,96551,11.79032848943705,"hingoli, maharashtra",Immediate Action
maharashtra,sangli,7632,89884,11.777253668763104,"sangli, maharashtra",Immediate Action
odisha,sambalpur,2577,30320,11.765618936748156,"sambalpur, odisha",Immediate Action
sikkim,namchi,24,282,11.75,"namchi, sikkim",Monitor
west bengal,puruliya,13219,155038,11.728421211891973,"puruliya, west bengal",Immediate Action
madhya pradesh,balaghat,6805,79292,11.65202057310801,"balaghat, madhya pradesh",Immediate Action
telangana,nalgonda,6661,77441,11.626032127308212,"nalgonda, telangana",Immediate Action
madhya pradesh,mandla,4911,56981,11.60272856851965,"mandla, madhya pradesh",Immediate Action
uttar pradesh,mau,7579,87700,11.571447420504024,"mau, uttar pradesh",Immediate Action
uttarakhand,haridwar,5955,68900,11.570109151973131,"haridwar, uttarakhand",Immediate Action
uttarakhand,almora,1367,15786,11.547915142648135,"almora, uttarakhand",Monitor
gujarat,narmada,1280,14757,11.52890625,"narmada, gujarat",Monitor
rajasthan,jhalawar,7036,81092,11.525298465036952,"jhalawar, rajasthan",Immediate Action
haryana,jind,3821,44013,11.518712378958387,"jind, haryana",Immediate Action
karnataka,chikkaballapur,3152,36221,11.491434010152284,"chikkaballapur, karnataka",Immediate Action
uttar pradesh,sambhal,8677,99589,11.477353924167339,"sambhal, uttar pradesh",Immediate Action
jammu and kashmir,pulwama,1875,21487,11.459733333333334,"pulwama, jammu and kashmir",Immediate Action
gujarat,bharuch,4351,49806,11.447023672718915,"bharuch, gujarat",Immediate Action
gujarat,gandhinagar,5650,64588,11.431504424778762,"gandhinagar, gujarat",Immediate Action
uttar pradesh,mirzapur,7645,87276,11.416088947024198,"mirzapur, uttar pradesh",Immediate Action
maharashtra,palghar,10699,122107,11.412935788391438,"palghar, maharashtra",Immediate Action
maharashtra,jalgaon,13260,151076,11.393363499245853,"jalgaon, maharashtra",Immediate Action
west bengal,darjiling,726,8271,11.392561983471074,"darjiling, west bengal",Monitor
tamil nadu,erode,6017,68409,11.36928702010969,"erode, tamil nadu",Immediate Action
uttar pradesh,muzaffarnagar,11949,135633,11.350991714787849,"muzaffarnagar, uttar pradesh",Immediate Action
haryana,panipat,6088,69084,11.347568988173457,"panipat, haryana",Immediate Action
uttar pradesh,ghazipur,11288,127840,11.325301204819278,"ghazipur, uttar pradesh",Immediate Action
uttar pradesh,firozabad,12300,139201,11.317154471544715,"firozabad, uttar pradesh",Immediate Action
karnataka,kolar,4186,47265,11.291208791208792,"kolar, karnataka",Immediate Action
punjab,hoshiarpur,4134,46549,11.26003870343493,"hoshiarpur, punjab",Immediate Action
arunachal pradesh,lohit,166,1866,11.240963855421686,"lohit, arunachal pradesh",Monitor
dadra and nagar haveli and daman and diu,diu,96,1079,11.239583333333334,"diu, dadra and nagar haveli and daman and diu",Monitor
karnataka,mandya,3594,40261,11.202281580411798,"mandya, karnataka",Immediate Action
tamil nadu,theni,3473,38776,11.16498704290239,"theni, tamil nadu",Immediate Action
puducherry,karaikal,567,6322,11.149911816578483,"karaikal, puducherry",Monitor
karnataka,shivamogga,2229,24751,11.104082548227906,"shivamogga, karnataka",Immediate Action
uttar pradesh,amroha,8142,90302,11.090886760009825,"amroha, uttar pradesh",Immediate Action
uttar pradesh,budaun,15529,171339,11.033485736364222,"budaun, uttar pradesh",Immediate Action
bihar,katihar,16350,180294,11.027155963302752,"katihar, bihar",Immediate Action
maharashtra,nashik,22368,246100,11.002324749642346,"nashik, maharashtra",Immediate Action
punjab,rupnagar,1246,13705,10.9991974317817,"rupnagar, punjab",Monitor
uttar pradesh,jalaun,5557,60673,10.918301241677163,"jalaun, uttar pradesh",Immediate Action
bihar,purnea,257,2806,10.918287937743191,"purnea, bihar",Monitor
manipur,tamenglong,960,10431,10.865625,"tamenglong, manipur",Monitor
tripura,dhalai,1420,15425,10.862676056338028,"dhalai, tripura",Monitor
west bengal,nadia,17716,192343,10.857021901106345,"nadia, west bengal",Immediate Action
tamil nadu,kancheepuram,13050,141293,10.827049808429118,"kancheepuram, tamil nadu",Immediate Action
uttarakhand,chamoli,1090,11790,10.81651376146789,"chamoli, uttarakhand",Monitor
karnataka,dharwad,5103,55119,10.801293356848912,"dharwad, karnataka",Immediate Action
kerala,pathanamthitta,1951,21035,10.781650435674013,"pathanamthitta, kerala",Immediate Action
odisha,subarnapur,405,4360,10.765432098765432,"subarnapur, odisha",Monitor
west bengal,barddhaman,15836,170401,10.760356150543066,"barddhaman, west bengal",Immediate Action
jharkhand,hazaribagh,6204,66645,10.742263056092844,"hazaribagh, jharkhand",Immediate Action
gujarat,navsari,2757,29602,10.737033006891549,"navsari, gujarat",Immediate Action
karnataka,chitradurga,4413,47341,10.727622932245637,"chitradurga, karnataka",Immediate Action
jharkhand,godda,5390,57677,10.700742115027829,"godda, jharkhand",Immediate Action
uttar pradesh,mahoba,3020,32304,10.696688741721854,"mahoba, uttar pradesh",Immediate Action
odisha,gajapati,2002,21388,10.683316683316683,"gajapati, odisha",Immediate Action
tamil nadu,madurai,9938,106052,10.67136244717247,"madurai, tamil nadu",Immediate Action
odisha,sundergarh,4001,42676,10.666333416645838,"sundergarh, odisha",Immediate Action
bihar,bhojpur,13357,142341,10.656659429512615,"bhojpur, bihar",Immediate Action
uttar pradesh,deoria,10257,109251,10.65136004679731,"deoria, uttar pradesh",Immediate Action
punjab,muktsar,334,3551,10.631736526946108,"muktsar, punjab",Monitor
tamil nadu,virudhunagar,5407,57442,10.623636027371925,"virudhunagar, tamil nadu",Immediate Action
jammu and kashmir,anantnag,3354,35566,10.604054859868814,"anantnag, jammu and kashmir",Immediate Action
arunachal pradesh,kamle,30,318,10.6,"kamle, arunachal pradesh",Monitor
uttar pradesh,amethi,7197,76280,10.598860636376267,"amethi, uttar pradesh",Immediate Action
mizoram,saitual,12,127,10.583333333333334,"saitual, mizoram",Monitor
mizoram,mamit,171,1809,10.578947368421053,"mamit, mizoram",Monitor
andhra pradesh,nizamabad,524,5541,10.57442748091603,"nizamabad, andhra pradesh",Monitor
odisha,kalahandi,4496,47395,10.541592526690392,"kalahandi, odisha",Immediate Action
bihar,samastipur,19207,202292,10.532201801426563,"samastipur, bihar",Immediate Action
uttar pradesh,ballia,9976,104948,10.520048115477145,"ballia, uttar pradesh",Immediate Action
bihar,nalanda,14575,153043,10.500377358490566,"nalanda, bihar",Immediate Action
andaman and nicobar islands,nicobar,75,787,10.493333333333334,"nicobar, andaman and nicobar islands",Monitor
odisha,sundargarh,730,7660,10.493150684931507,"sundargarh, odisha",Monitor
kerala,kollam,5069,53100,10.475438942592227,"kollam, kerala",Immediate Action
kerala,ernakulam,6324,66207,10.469165085388994,"ernakulam, kerala",Immediate Action
kerala,malappuram,14567,152390,10.461316674675636,"malappuram, kerala",Immediate Action
rajasthan,rajsamand,4512,47170,10.454343971631205,"rajsamand, rajasthan",Immediate Action
tamil nadu,thanjavur,7372,76835,10.422544763971786,"thanjavur, tamil nadu",Immediate Action
bihar,aurangabad,10170,105840,10.4070796460177,"aurangabad, bihar",Immediate Action
jharkhand,sahebganj,6321,65749,10.401676949849707,"sahebganj, jharkhand",Immediate Action
odisha,kandhamal,3081,32045,10.40084388185654,"kandhamal, odisha",Immediate Action
uttar pradesh,ghaziabad,23070,239761,10.392761161681838,"ghaziabad, uttar pradesh",Immediate Action
tamil nadu,salem,10249,106371,10.378671089862426,"salem, tamil nadu",Immediate Action
haryana,mahendragarh,2754,28534,10.360929557007989,"mahendragarh, haryana",Immediate Action
west bengal,murshidabad,35911,371953,10.357634151095764,"murshidabad, west bengal",Immediate Action
tripura,khowai,339,3511,10.35693215339233,"khowai, tripura",Monitor
uttar pradesh,bulandshahr,16885,174757,10.349837133550489,"bulandshahr, uttar pradesh",Immediate Action
kerala,alappuzha,3559,36835,10.34981736442821,"alappuzha, kerala",Immediate Action
madhya pradesh,shahdol,5297,54777,10.341136492354163,"shahdol, madhya pradesh",Immediate Action
haryana,ambala,3218,33242,10.330018645121193,"ambala, haryana",Immediate Action
rajasthan,chittorgarh,5986,61824,10.32809889742733,"chittorgarh, rajasthan",Immediate Action
tamil nadu,kanyakumari,2005,20696,10.322194513715711,"kanyakumari, tamil nadu",Immediate Action
uttar pradesh,kaushambi,7463,77012,10.319174594667023,"kaushambi, uttar pradesh",Immediate Action
west bengal,kolkata,10362,106499,10.277842115421734,"kolkata, west bengal",Immediate Action
bihar,supaul,10411,106911,10.26904235904332,"supaul, bihar",Immediate Action
punjab,amritsar,9655,99075,10.261522527187985,"amritsar, punjab",Immediate Action
odisha,jajapur,2608,26733,10.250383435582823,"jajapur, odisha",Immediate Action
jammu and kashmir,kulgam,1211,12407,10.24525185796862,"kulgam, jammu and kashmir",Monitor
jharkhand,dumka,5825,59658,10.241716738197425,"dumka, jharkhand",Immediate Action
maharashtra,thane,43688,447253,10.237433620216077,"thane, maharashtra",Immediate Action
rajasthan,ajmer,12135,124036,10.221343222084878,"ajmer, rajasthan",Immediate Action
telangana,jagitial,1595,16299,10.218808777429468,"jagitial, telangana",Monitor
bihar,buxar,7240,73902,10.207458563535912,"buxar, bihar",Immediate Action
telangana,nizamabad,6577,66975,10.183214231412498,"nizamabad, telangana",Immediate Action
bihar,madhepura,9027,91861,10.176249030685721,"madhepura, bihar",Immediate Action
uttar pradesh,pratapgarh,10308,104730,10.160069848661234,"pratapgarh, uttar pradesh",Immediate Action
tamil nadu,kallakurichi,1064,10790,10.140977443609023,"kallakurichi, tamil nadu",Monitor
uttar pradesh,prayagraj,2865,29027,10.131588132635253,"prayagraj, uttar pradesh",Immediate Action
uttar pradesh,faizabad,6926,69979,10.103811723938781,"faizabad, uttar pradesh",Immediate Action
mizoram,lunglei,726,7323,10.086776859504132,"lunglei, mizoram",Monitor
sikkim,north,44,443,10.068181818181818,"north, sikkim",Monitor
bihar,begusarai,13209,132990,10.06813536225301,"begusarai, bihar",Immediate Action
odisha,rayagada,3226,32371,10.034407935523868,"rayagada, odisha",Immediate Action
uttar pradesh,jhansi,7160,71841,10.033659217877094,"jhansi, uttar pradesh",Immediate Action
odisha,kendujhar,5426,54438,10.032805012900848,"kendujhar, odisha",Immediate Action
uttar pradesh,bagpat,1,10,10.0,"bagpat, uttar pradesh",Monitor
andaman and nicobar islands,andamans,75,750,10.0,"andamans, andaman and nicobar islands",Monitor
arunachal pradesh,tirap,99,990,10.0,"tirap, arunachal pradesh",Monitor
odisha,baleshwar,1229,12287,9.997558991049633,"baleshwar, odisha",Monitor
rajasthan,bundi,4872,48701,9.996100164203613,"bundi, rajasthan",Immediate Action
uttar pradesh,pilibhit,13635,136263,9.993619361936194,"pilibhit, uttar pradesh",Immediate Action
nagaland,chumukedima,184,1837,9.983695652173912,"chumukedima, nagaland",Monitor
bihar,araria,15579,155315,9.969510238141087,"araria, bihar",Immediate Action
madhya pradesh,chhindwara,8981,89422,9.956797683999554,"chhindwara, madhya pradesh",Immediate Action
madhya pradesh,ratlam,7982,79423,9.950263091956902,"ratlam, madhya pradesh",Immediate Action
odisha,kendrapara,4015,39919,9.942465753424658,"kendrapara, odisha",Immediate Action
haryana,faridabad,16155,160555,9.938409161250387,"faridabad, haryana",Immediate Action
odisha,dhenkanal,3017,29983,9.938017898574744,"dhenkanal, odisha",Immediate Action
telangana,jangaon,81,802,9.901234567901234,"jangaon, telangana",Monitor
bihar,patna,24644,243772,9.891738354163286,"patna, bihar",Immediate Action
telangana,warangal,2952,29101,9.858062330623307,"warangal, telangana",Immediate Action
uttar pradesh,lalitpur,4753,46802,9.846833578792342,"lalitpur, uttar pradesh",Immediate Action
haryana,bhiwani,3489,34280,9.825164803668674,"bhiwani, haryana",Immediate Action
uttar pradesh,jaunpur,15853,155741,9.824071153724846,"jaunpur, uttar pradesh",Immediate Action
karnataka,bengaluru,30980,303924,9.810329244673984,"bengaluru, karnataka",Immediate Action
odisha,angul,3010,29467,9.789700996677741,"angul, odisha",Immediate Action
uttar pradesh,chandauli,9566,93603,9.784967593560527,"chandauli, uttar pradesh",Immediate Action
jharkhand,dhanbad,11031,107797,9.772187471670746,"dhanbad, jharkhand",Immediate Action
bihar,darbhanga,15765,153928,9.763907389787503,"darbhanga, bihar",Immediate Action
west bengal,birbhum,15509,151363,9.759687923141401,"birbhum, west bengal",Immediate Action
kerala,thiruvananthapuram,6663,64938,9.746060333183252,"thiruvananthapuram, kerala",Immediate Action
chhattisgarh,balrampur,6190,60301,9.741680129240711,"balrampur, chhattisgarh",Immediate Action
jammu and kashmir,baramula,3794,36795,9.698207696362678,"baramula, jammu and kashmir",Immediate Action
jammu and kashmir,bandipore,1639,15894,9.697376449054302,"bandipore, jammu and kashmir",Monitor
maharashtra,raigarh(mh),88,853,9.693181818181818,"raigarh(mh), maharashtra",Monitor
jharkhand,kodarma,310,3003,9.687096774193549,"kodarma, jharkhand",Monitor
tamil nadu,ariyalur,2412,23351,9.681177446102819,"ariyalur, tamil nadu",Immediate Action
kerala,kannur,5965,57710,9.67476948868399,"kannur, kerala",Immediate Action
bihar,sheohar,3262,31480,9.650521152667075,"sheohar, bihar",Immediate Action
karnataka,chikkamagaluru,1151,11089,9.634231103388357,"chikkamagaluru, karnataka",Monitor
madhya pradesh,maihar,418,4017,9.610047846889952,"maihar, madhya pradesh",Monitor
rajasthan,tonk,5915,56628,9.573626373626373,"tonk, rajasthan",Immediate Action
tamil nadu,ramanathapuram,4005,38291,9.560799001248439,"ramanathapuram, tamil nadu",Immediate Action
odisha,nayagarh,2466,23512,9.534468775344688,"nayagarh, odisha",Immediate Action
telangana,rangareddy,584,5562,9.523972602739725,"rangareddy, telangana",Monitor
bihar,jehanabad,4883,46361,9.494368216260495,"jehanabad, bihar",Immediate Action
puducherry,yanam,33,313,9.484848484848484,"yanam, puducherry",Monitor
telangana,mahabubnagar,10168,96426,9.483280881195908,"mahabubnagar, telangana",Immediate Action
karnataka,kodagu,1211,11481,9.480594549958711,"kodagu, karnataka",Monitor
karnataka,tumakuru,3000,28425,9.475,"tumakuru, karnataka",Immediate Action
tamil nadu,dindigul,6083,57577,9.465230971560086,"dindigul, tamil nadu",Immediate Action
tamil nadu,cuddalore,8630,81595,9.454808806488991,"cuddalore, tamil nadu",Immediate Action
west bengal,howrah,11414,107843,9.448309094094972,"howrah, west bengal",Immediate Action
himachal pradesh,shimla,1670,15742,9.426347305389221,"shimla, himachal pradesh",Monitor
tamil nadu,namakkal,4872,45816,9.403940886699507,"namakkal, tamil nadu",Immediate Action
tamil nadu,nagapattinam,4047,38029,9.396837163330863,"nagapattinam, tamil nadu",Immediate Action
odisha,koraput,4502,42260,9.386939138160818,"koraput, odisha",Immediate Action
odisha,cuttack,5402,50671,9.380044427989633,"cuttack, odisha",Immediate Action
karnataka,belgaum,6743,63022,9.346285036333976,"belgaum, karnataka",Immediate Action
uttar pradesh,hathras,6493,60658,9.342060680733097,"hathras, uttar pradesh",Immediate Action
uttarakhand,bageshwar,742,6928,9.336927223719677,"bageshwar, uttarakhand",Monitor
west bengal,purulia,783,7309,9.334610472541508,"purulia, west bengal",Monitor
madhya pradesh,mauganj,438,4086,9.32876712328767,"mauganj, madhya pradesh",Monitor
maharashtra,mumbai,14552,135483,9.310266630016493,"mumbai, maharashtra",Immediate Action
uttar pradesh,mathura,11746,109289,9.304358930699813,"mathura, uttar pradesh",Immediate Action
tamil nadu,vellore,9633,89400,9.280597944565557,"vellore, tamil nadu",Immediate Action
bihar,khagaria,8196,75624,9.226939970717423,"khagaria, bihar",Immediate Action
uttar pradesh,shamli,8200,75614,9.221219512195121,"shamli, uttar pradesh",Immediate Action
andhra pradesh,medak,1406,12963,9.21977240398293,"medak, andhra pradesh",Monitor
bihar,munger,6087,55947,9.19122720551996,"munger, bihar",Immediate Action
madhya pradesh,damoh,6066,55454,9.141773821299044,"damoh, madhya pradesh",Immediate Action
kerala,idukki,1698,15492,9.123674911660778,"idukki, kerala",Monitor
kerala,kottayam,3321,30210,9.096657633243,"kottayam, kerala",Immediate Action
tamil nadu,thiruvarur,4165,37780,9.070828331332534,"thiruvarur, tamil nadu",Immediate Action
odisha,debagarh,883,7989,9.047565118912797,"debagarh, odisha",Monitor
rajasthan,dholpur,8580,77555,9.03904428904429,"dholpur, rajasthan",Immediate Action
uttar pradesh,ayodhya,1693,15277,9.02362669816893,"ayodhya, uttar pradesh",Monitor
uttar pradesh,kannauj,6638,59687,8.991714371798734,"kannauj, uttar pradesh",Immediate Action
tamil nadu,tiruvannamalai,7266,65218,8.975777594274705,"tiruvannamalai, tamil nadu",Immediate Action
karnataka,tumkur,2942,26300,8.93949694085656,"tumkur, karnataka",Immediate Action
jammu and kashmir,ganderbal,843,7529,8.931198102016607,"ganderbal, jammu and kashmir",Monitor
tamil nadu,tirupattur,1048,9352,8.923664122137405,"tirupattur, tamil nadu",Monitor
maharashtra,aurangabad,17393,155129,8.919047892830449,"aurangabad, maharashtra",Immediate Action
jammu and kashmir,punch,2630,23440,8.912547528517111,"punch, jammu and kashmir",Immediate Action
tripura,sepahijala,1728,15325,8.86863425925926,"sepahijala, tripura",Monitor
bihar,banka,11074,98120,8.860393715008128,"banka, bihar",Immediate Action
uttarakhand,uttarkashi,1132,10021,8.852473498233216,"uttarkashi, uttarakhand",Monitor
rajasthan,jaipur,31146,275340,8.840300520130995,"jaipur, rajasthan",Immediate Action
haryana,mewat,7558,66667,8.820719767134163,"mewat, haryana",Immediate Action
rajasthan,bhilwara,11083,97739,8.8188216186953,"bhilwara, rajasthan",Immediate Action
rajasthan,jhunjhunu,311,2742,8.816720257234726,"jhunjhunu, rajasthan",Monitor
odisha,puri,3731,32863,8.808094344679711,"puri, odisha",Immediate Action
jharkhand,giridih,14303,125671,8.786338530378242,"giridih, jharkhand",Immediate Action
odisha,sonapur,1510,13267,8.786092715231788,"sonapur, odisha",Monitor
bihar,sheikhpura,3199,28088,8.780243826195687,"sheikhpura, bihar",Immediate Action
karnataka,ballari,2781,24399,8.77346278317152,"ballari, karnataka",Immediate Action
odisha,mayurbhanj,8154,71521,8.771277900416973,"mayurbhanj, odisha",Immediate Action
odisha,anugul,207,1813,8.758454106280194,"anugul, odisha",Monitor
uttar pradesh,saharanpur,19166,167814,8.755817593655431,"saharanpur, uttar pradesh",Immediate Action
karnataka,bidar,4920,43059,8.751829268292683,"bidar, karnataka",Immediate Action
odisha,bhadrak,4891,42650,8.720098139439788,"bhadrak, odisha",Immediate Action
uttarakhand,dehradun,9485,82622,8.710806536636795,"dehradun, uttarakhand",Immediate Action
odisha,khorda,4317,37598,8.709288858003243,"khorda, odisha",Immediate Action
jammu and kashmir,samba,588,5120,8.70748299319728,"samba, jammu and kashmir",Monitor
uttar pradesh,bareilly,27811,241742,8.692315990075869,"bareilly, uttar pradesh",Immediate Action
uttar pradesh,fatehpur,12333,107120,8.685640152436552,"fatehpur, uttar pradesh",Immediate Action
uttar pradesh,etawah,7154,62080,8.677662845960302,"etawah, uttar pradesh",Immediate Action
madhya pradesh,singrauli,6550,56704,8.657099236641221,"singrauli, madhya pradesh",Immediate Action
bihar,vaishali,18007,155594,8.640750819125895,"vaishali, bihar",Immediate Action
karnataka,hasan,993,8568,8.628398791540786,"hasan, karnataka",Monitor
himachal pradesh,kangra,3966,34127,8.60489157841654,"kangra, himachal pradesh",Immediate Action
odisha,nuapada,2122,18245,8.598020735155513,"nuapada, odisha",Monitor
madhya pradesh,sidhi,6292,54093,8.597107438016529,"sidhi, madhya pradesh",Immediate Action
rajasthan,udaipur,14906,127492,8.553065879511607,"udaipur, rajasthan",Immediate Action
karnataka,mysuru,4361,37185,8.52671405640908,"mysuru, karnataka",Immediate Action
karnataka,chickmagalur,1231,10484,8.516653127538586,"chickmagalur, karnataka",Monitor
karnataka,kalaburagi,4782,40220,8.410706817231285,"kalaburagi, karnataka",Immediate Action
tamil nadu,thoothukkudi,5319,44695,8.40289528106787,"thoothukkudi, tamil nadu",Immediate Action
uttar pradesh,basti,10119,84810,8.381262970649274,"basti, uttar pradesh",Immediate Action
madhya pradesh,pandhurna,98,821,8.377551020408163,"pandhurna, madhya pradesh",Monitor
madhya pradesh,indore,22303,186687,8.37048827511994,"indore, madhya pradesh",Immediate Action
assam,charaideo,1189,9913,8.33725820016821,"charaideo, assam",Monitor
telangana,hyderabad,25990,216457,8.328472489419008,"hyderabad, telangana",Immediate Action
kerala,thrissur,7071,58820,8.318483948522132,"thrissur, kerala",Immediate Action
assam,biswanath,1329,11025,8.295711060948081,"biswanath, assam",Monitor
tamil nadu,tirunelveli,9675,79890,8.257364341085271,"tirunelveli, tamil nadu",Immediate Action
uttar pradesh,chitrakoot,5401,44546,8.247731901499723,"chitrakoot, uttar pradesh",Immediate Action
uttar pradesh,gonda,15267,125916,8.247592847317744,"gonda, uttar pradesh",Immediate Action
uttar pradesh,lucknow,25514,209476,8.210237516657521,"lucknow, uttar pradesh",Immediate Action
rajasthan,dausa,6133,50267,8.196151964780695,"dausa, rajasthan",Immediate Action
uttarakhand,rudraprayag,956,7834,8.194560669456067,"rudraprayag, uttarakhand",Monitor
jharkhand,seraikela-kharsawan,4250,34701,8.164941176470588,"seraikela-kharsawan, jharkhand",Immediate Action
gujarat,vadodara,12284,100027,8.142868772386844,"vadodara, gujarat",Immediate Action
uttarakhand,hardwar,146,1187,8.13013698630137,"hardwar, uttarakhand",Monitor
madhya pradesh,anuppur,3226,26195,8.119962802231866,"anuppur, madhya pradesh",Immediate Action
jharkhand,khunti,2644,21421,8.101739788199698,"khunti, jharkhand",Immediate Action
bihar,siwan,15311,123722,8.08059565018614,"siwan, bihar",Immediate Action
gujarat,rajkot,17070,137600,8.060925600468659,"rajkot, gujarat",Immediate Action
mizoram,mammit,79,636,8.050632911392405,"mammit, mizoram",Monitor
uttar pradesh,baghpat,6839,54908,8.028659160696009,"baghpat, uttar pradesh",Immediate Action
madhya pradesh,narmadapuram,737,5909,8.01763907734057,"narmadapuram, madhya pradesh",Monitor
kerala,kasaragod,3555,28358,7.9769338959212375,"kasaragod, kerala",Capacity Planning
karnataka,koppal,5451,43399,7.961658411300679,"koppal, karnataka",Capacity Planning
uttar pradesh,gorakhpur,19969,158865,7.955581150783715,"gorakhpur, uttar pradesh",Capacity Planning
bihar,lakhisarai,6155,48883,7.941998375304631,"lakhisarai, bihar",Capacity Planning
tamil nadu,tenkasi,1268,10020,7.902208201892744,"tenkasi, tamil nadu",Low
uttar pradesh,kasganj,6341,49707,7.838984387320612,"kasganj, uttar pradesh",Capacity Planning
haryana,rohtak,3413,26531,7.773513038382655,"rohtak, haryana",Capacity Planning
uttar pradesh,azamgarh,20573,159789,7.766927526369513,"azamgarh, uttar pradesh",Capacity Planning
himachal pradesh,kullu,1239,9602,7.749798224374495,"kullu, himachal pradesh",Low
gujarat,mahesana,6490,50217,7.737596302003082,"mahesana, gujarat",Capacity Planning
uttar pradesh,rampur,20110,155518,7.733366484336151,"rampur, uttar pradesh",Capacity Planning
tamil nadu,sivaganga,4446,34296,7.713900134952767,"sivaganga, tamil nadu",Capacity Planning
madhya pradesh,rewa,10838,83134,7.670603432367596,"rewa, madhya pradesh",Capacity Planning
himachal pradesh,una,1247,9561,7.6672012830793905,"una, himachal pradesh",Low
arunachal pradesh,leparada,3,23,7.666666666666667,"leparada, arunachal pradesh",Low
himachal pradesh,solan,1176,8983,7.63860544217687,"solan, himachal pradesh",Low
karnataka,udupi,3591,27375,7.6232247284878865,"udupi, karnataka",Capacity Planning
jammu and kashmir,jammu,4620,35116,7.600865800865801,"jammu, jammu and kashmir",Capacity Planning
uttar pradesh,moradabad,21545,163505,7.588999767927594,"moradabad, uttar pradesh",Capacity Planning
odisha,jajpur,2507,18971,7.567211806940566,"jajpur, odisha",Low
assam,nagaon,12873,97377,7.564437194127243,"nagaon, assam",Capacity Planning
west bengal,jhargram,962,7258,7.544698544698544,"jhargram, west bengal",Low
arunachal pradesh,siang,103,777,7.543689320388349,"siang, arunachal pradesh",Low
gujarat,jamnagar,6078,45719,7.5220467258966766,"jamnagar, gujarat",Capacity Planning
odisha,balangir,5670,42594,7.512169312169312,"balangir, odisha",Capacity Planning
jharkhand,koderma,3222,24185,7.5062073246430785,"koderma, jharkhand",Capacity Planning
jharkhand,chatra,6302,47296,7.50491907331006,"chatra, jharkhand",Capacity Planning
jammu and kashmir,rajauri,2,15,7.5,"rajauri, jammu and kashmir",Low
rajasthan,jaisalmer,2854,21384,7.492641906096706,"jaisalmer, rajasthan",Capacity Planning
andhra pradesh,hyderabad,4840,36206,7.480578512396694,"hyderabad, andhra pradesh",Capacity Planning
odisha,jagatsinghpur,694,5173,7.453890489913545,"jagatsinghpur, odisha",Low
uttar pradesh,kheri,24578,183098,7.449670436976158,"kheri, uttar pradesh",Capacity Planning
madhya pradesh,neemuch,4964,36976,7.448831587429492,"neemuch, madhya pradesh",Capacity Planning
kerala,palakkad,6724,49996,7.435455086258179,"palakkad, kerala",Capacity Planning
tamil nadu,tiruchirappalli,9932,73681,7.418546113572291,"tiruchirappalli, tamil nadu",Capacity Planning
jharkhand,jamtara,4450,33003,7.416404494382022,"jamtara, jharkhand",Capacity Planning
tamil nadu,pudukkottai,7045,52057,7.389212207239177,"pudukkottai, tamil nadu",Capacity Planning
karnataka,bangalore,7016,51842,7.389110604332953,"bangalore, karnataka",Capacity Planning
madhya pradesh,jabalpur,12467,92051,7.383572631747814,"jabalpur, madhya pradesh",Capacity Planning
karnataka,bagalkot,7142,52661,7.373424810977317,"bagalkot, karnataka",Capacity Planning
bihar,bhagalpur,21062,155026,7.360459595480012,"bhagalpur, bihar",Capacity Planning
tamil nadu,perambalur,2130,15661,7.352582159624413,"perambalur, tamil nadu",Low
odisha,malkangiri,2870,21072,7.342160278745645,"malkangiri, odisha",Capacity Planning
west bengal,darjeeling,7319,53637,7.328460172154666,"darjeeling, west bengal",Capacity Planning
telangana,medak,7544,54969,7.2864528101802755,"medak, telangana",Capacity Planning
rajasthan,pali,9114,66337,7.278582400702216,"pali, rajasthan",Capacity Planning
jharkhand,sahibganj,365,2656,7.276712328767124,"sahibganj, jharkhand",Low
jharkhand,ranchi,14265,103653,7.266246056782334,"ranchi, jharkhand",Capacity Planning
uttar pradesh,sultanpur,11434,82621,7.22590519503236,"sultanpur, uttar pradesh",Capacity Planning
jharkhand,deoghar,8324,60060,7.21528111484863,"deoghar, jharkhand",Capacity Planning
uttarakhand,garhwal,56,404,7.214285714285714,"garhwal, uttarakhand",Low
tamil nadu,dharmapuri,5739,41380,7.210315385955742,"dharmapuri, tamil nadu",Capacity Planning
bihar,arwal,3866,27770,7.183135023279876,"arwal, bihar",Capacity Planning
karnataka,bijapur,4231,30382,7.180808319546206,"bijapur, karnataka",Capacity Planning
odisha,baleswar,6018,43214,7.1807909604519775,"baleswar, odisha",Capacity Planning
rajasthan,jhunjhunun,7611,54652,7.180659571672579,"jhunjhunun, rajasthan",Capacity Planning
gujarat,kachchh,9302,66789,7.180068802408084,"kachchh, gujarat",Capacity Planning
tamil nadu,mayiladuthurai,502,3602,7.175298804780876,"mayiladuthurai, tamil nadu",Low
himachal pradesh,kinnaur,163,1169,7.171779141104294,"kinnaur, himachal pradesh",Low
bihar,muzaffarpur,28855,206917,7.170923583434414,"muzaffarpur, bihar",Capacity Planning
bihar,purnia,20100,143374,7.133034825870647,"purnia, bihar",Capacity Planning
bihar,gaya,27401,195174,7.122878727053757,"gaya, bihar",Capacity Planning
uttar pradesh,aligarh,26192,186462,7.1190439828955405,"aligarh, uttar pradesh",Capacity Planning
odisha,khordha,1222,8656,7.083469721767594,"khordha, odisha",Low
madhya pradesh,tikamgarh,7242,51168,7.065451532725766,"tikamgarh, madhya pradesh",Capacity Planning
madhya pradesh,bhopal,12862,90864,7.06453117711087,"bhopal, madhya pradesh",Capacity Planning
rajasthan,barmer,15851,111721,7.048198851807457,"barmer, rajasthan",Capacity Planning
arunachal pradesh,changlang,803,5659,7.047322540473226,"changlang, arunachal pradesh",Low
karnataka,davangere,4813,33773,7.017037190941201,"davangere, karnataka",Capacity Planning
bihar,saran,24218,169845,7.013172020810967,"saran, bihar",Capacity Planning
bihar,madhubani,25930,181691,7.0069803316621675,"madhubani, bihar",Capacity Planning
bihar,gopalganj,15148,105867,6.988843411671508,"gopalganj, bihar",Capacity Planning
tamil nadu,viluppuram,5122,35788,6.987114408434206,"viluppuram, tamil nadu",Capacity Planning
jharkhand,gumla,6701,46753,6.977018355469333,"gumla, jharkhand",Capacity Planning
karnataka,belagavi,7805,54321,6.959769378603459,"belagavi, karnataka",Capacity Planning
uttar pradesh,meerut,24027,167219,6.959628750988471,"meerut, uttar pradesh",Capacity Planning
gujarat,kheda,7567,52619,6.953746530989824,"kheda, gujarat",Capacity Planning
karnataka,vijayanagara,2119,14692,6.933459178857952,"vijayanagara, karnataka",Low
jammu and kashmir,leh,206,1427,6.927184466019417,"leh, jammu and kashmir",Low
jammu and kashmir,kathua,2962,20478,6.913571910871033,"kathua, jammu and kashmir",Capacity Planning
karnataka,mysore,3073,21231,6.908883826879271,"mysore, karnataka",Capacity Planning
madhya pradesh,dhar,12712,87455,6.879719949653871,"dhar, madhya pradesh",Capacity Planning
gujarat,junagadh,5536,38045,6.872290462427745,"junagadh, gujarat",Capacity Planning
rajasthan,sikar,11400,78337,6.871666666666667,"sikar, rajasthan",Capacity Planning
karnataka,shimoga,2260,15514,6.864601769911505,"shimoga, karnataka",Low
uttar pradesh,varanasi,23334,159498,6.835433273335047,"varanasi, uttar pradesh",Capacity Planning
karnataka,chamrajanagar,2227,15211,6.8302649303996406,"chamrajanagar, karnataka",Low
tamil nadu,karur,4019,27344,6.803682508086589,"karur, tamil nadu",Capacity Planning
arunachal pradesh,shi-yomi,35,238,6.8,"shi-yomi, arunachal pradesh",Low
punjab,ludhiana,17614,119703,6.795900987850573,"ludhiana, punjab",Capacity Planning
odisha,bargarh,5239,35471,6.7705669020805495,"bargarh, odisha",Capacity Planning
rajasthan,karauli,8636,58446,6.767716535433071,"karauli, rajasthan",Capacity Planning
himachal pradesh,bilaspur,999,6760,6.766766766766767,"bilaspur, himachal pradesh",Low
odisha,nabarangapur,6232,41836,6.713093709884467,"nabarangapur, odisha",Capacity Planning
chandigarh,rupnagar,3,20,6.666666666666667,"rupnagar, chandigarh",Low
jharkhand,garhwa,6073,40273,6.631483616005269,"garhwa, jharkhand",Capacity Planning
karnataka,davanagere,483,3186,6.596273291925466,"davanagere, karnataka",Low
jharkhand,pakur,6924,45461,6.5657134604274985,"pakur, jharkhand",Capacity Planning
madhya pradesh,satna,13276,87053,6.557170834588732,"satna, madhya pradesh",Capacity Planning
uttar pradesh,banda,10591,69435,6.556038145595317,"banda, uttar pradesh",Capacity Planning
madhya pradesh,mandsaur,8276,54055,6.53153697438376,"mandsaur, madhya pradesh",Capacity Planning
west bengal,hugli,194,1264,6.515463917525773,"hugli, west bengal",Low
uttar pradesh,unnao,19148,124543,6.504230206810111,"unnao, uttar pradesh",Capacity Planning
delhi,najafgarh,30,195,6.5,"najafgarh, delhi",Low
gujarat,amreli,4293,27888,6.496156533892383,"amreli, gujarat",Capacity Planning
jammu and kashmir,badgam,1867,12119,6.491162292447777,"badgam, jammu and kashmir",Low
gujarat,valsad,7448,48343,6.490735767991407,"valsad, gujarat",Capacity Planning
karnataka,bellary,4220,27380,6.488151658767772,"bellary, karnataka",Capacity Planning
himachal pradesh,mandi,2514,16305,6.485680190930788,"mandi, himachal pradesh",Low
odisha,baudh,175,1130,6.457142857142857,"baudh, odisha",Low
odisha,boudh,1424,9187,6.451544943820225,"boudh, odisha",Low
karnataka,gadag,4457,28744,6.449181063495625,"gadag, karnataka",Capacity Planning
bihar,jamui,10382,66920,6.445771527643999,"jamui, bihar",Capacity Planning
assam,dhubri,12646,80799,6.389293057093152,"dhubri, assam",Capacity Planning
assam,majuli,515,3281,6.370873786407767,"majuli, assam",Low
madhya pradesh,sagar,13841,87877,6.34903547431544,"sagar, madhya pradesh",Capacity Planning
uttar pradesh,balrampur,12324,78076,6.335280753002272,"balrampur, uttar pradesh",Capacity Planning
rajasthan,jodhpur,22215,139970,6.300697726761197,"jodhpur, rajasthan",Capacity Planning
madhya pradesh,datia,5843,36445,6.237378059216156,"datia, madhya pradesh",Capacity Planning
bihar,saharsa,13063,81177,6.214269310265636,"saharsa, bihar",Capacity Planning
rajasthan,alwar,23383,144744,6.190138134542189,"alwar, rajasthan",Capacity Planning
arunachal pradesh,tawang,154,951,6.175324675324675,"tawang, arunachal pradesh",Low
rajasthan,bharatpur,17054,105063,6.1606074821156325,"bharatpur, rajasthan",Capacity Planning
uttar pradesh,shahjahanpur,24291,149472,6.153390144497962,"shahjahanpur, uttar pradesh",Capacity Planning
rajasthan,bikaner,13283,81652,6.147105322592788,"bikaner, rajasthan",Capacity Planning
bihar,aurangabad(bh),113,694,6.1415929203539825,"aurangabad(bh), bihar",Low
west bengal,medinipur,29,178,6.137931034482759,"medinipur, west bengal",Low
bihar,sheikpura,29,178,6.137931034482759,"sheikpura, bihar",Low
himachal pradesh,hamirpur,1198,7320,6.110183639398998,"hamirpur, himachal pradesh",Low
uttar pradesh,hapur,7262,44282,6.097769209584136,"hapur, uttar pradesh",Capacity Planning
uttar pradesh,maharajganj,17871,108898,6.093559397907224,"maharajganj, uttar pradesh",Capacity Planning
jammu and kashmir,udhampur,2808,16853,6.001780626780627,"udhampur, jammu and kashmir",Low
rajasthan,nagaur,17267,103427,5.989865060520067,"nagaur, rajasthan",Capacity Planning
rajasthan,churu,12780,76097,5.954381846635368,"churu, rajasthan",Capacity Planning
kerala,kasargod,315,1869,5.933333333333334,"kasargod, kerala",Low
uttar pradesh,mainpuri,11726,69441,5.921968275626813,"mainpuri, uttar pradesh",Capacity Planning
jammu and kashmir,rajouri,2674,15808,5.911742707554226,"rajouri, jammu and kashmir",Low
madhya pradesh,betul,8166,48246,5.908155767817781,"betul, madhya pradesh",Capacity Planning
jharkhand,lohardaga,2959,17419,5.886786076377154,"lohardaga, jharkhand",Low
andhra pradesh,k.v.rangareddy,88,518,5.886363636363637,"k.v.rangareddy, andhra pradesh",Low
uttar pradesh,agra,29910,175953,5.882748244734203,"agra, uttar pradesh",Capacity Planning
chhattisgarh,sukma,2179,12746,5.84947223497017,"sukma, chhattisgarh",Low
puducherry,pondicherry,1087,6354,5.845446182152714,"pondicherry, puducherry",Low
tamil nadu,villupuram,6772,39568,5.84288245717661,"villupuram, tamil nadu",Capacity Planning
gujarat,sabarkantha,7552,43877,5.809984110169491,"sabarkantha, gujarat",Capacity Planning
gujarat,porbandar,2519,14623,5.805081381500595,"porbandar, gujarat",Low
lakshadweep,lakshadweep,203,1176,5.793103448275862,"lakshadweep, lakshadweep",Low
rajasthan,chittaurgarh,357,2065,5.784313725490196,"chittaurgarh, rajasthan",Low
bihar,monghyr,49,282,5.755102040816326,"monghyr, bihar",Low
uttar pradesh,hardoi,25193,143951,5.713928472194657,"hardoi, uttar pradesh",Capacity Planning
karnataka,vijayapura,5596,31971,5.713187991422445,"vijayapura, karnataka",Capacity Planning
tripura,unakoti,639,3643,5.701095461658842,"unakoti, tripura",Low
gujarat,bhavnagar,10174,57862,5.687241989384706,"bhavnagar, gujarat",Capacity Planning
madhya pradesh,raisen,7567,42813,5.6578564820933,"raisen, madhya pradesh",Capacity Planning
nagaland,meluri,17,96,5.647058823529412,"meluri, nagaland",Low
bihar,nawada,15413,86518,5.613313436709271,"nawada, bihar",Capacity Planning
gujarat,anand,6980,39149,5.608739255014327,"anand, gujarat",Capacity Planning
madhya pradesh,umaria,5300,29625,5.589622641509434,"umaria, madhya pradesh",Capacity Planning
mizoram,champhai,1165,6469,5.552789699570815,"champhai, mizoram",Low
gujarat,tapi,2212,12190,5.510849909584087,"tapi, gujarat",Low
nagaland,mokokchung,490,2696,5.502040816326531,"mokokchung, nagaland",Low
uttar pradesh,etah,11264,61891,5.494584517045454,"etah, uttar pradesh",Capacity Planning
uttar pradesh,sitapur,30854,169322,5.487845984313217,"sitapur, uttar pradesh",Capacity Planning
bihar,samstipur,82,448,5.463414634146342,"samstipur, bihar",Low
karnataka,gulbarga,4356,23699,5.4405417814508725,"gulbarga, karnataka",Capacity Planning
madhya pradesh,shivpuri,12741,68930,5.410093399262224,"shivpuri, madhya pradesh",Capacity Planning
assam,nalbari,3881,20961,5.400927595980417,"nalbari, assam",Capacity Planning
madhya pradesh,guna,9811,52953,5.397309142798899,"guna, madhya pradesh",Capacity Planning
madhya pradesh,sheopur,7230,38806,5.367358229598893,"sheopur, madhya pradesh",Capacity Planning
madhya pradesh,ujjain,14308,76708,5.361196533407884,"ujjain, madhya pradesh",Capacity Planning
west bengal,hawrah,6,32,5.333333333333333,"hawrah, west bengal",Low
madhya pradesh,katni,10941,56942,5.204460286993876,"katni, madhya pradesh",Capacity Planning
madhya pradesh,rajgarh,8171,42280,5.1743972585974785,"rajgarh, madhya pradesh",Capacity Planning
uttar pradesh,siddharthnagar,18354,93643,5.10204859976027,"siddharthnagar, uttar pradesh",Capacity Planning
karnataka,yadgir,6947,35433,5.10047502519073,"yadgir, karnataka",Capacity Planning
karnataka,chamrajnagar,380,1936,5.094736842105263,"chamrajnagar, karnataka",Low
madhya pradesh,narsinghpur,5174,26197,5.063200618477,"narsinghpur, madhya pradesh",Capacity Planning
ladakh,kargil,492,2489,5.058943089430894,"kargil, ladakh",Low
madhya pradesh,morena,22381,110417,4.933515035074393,"morena, madhya pradesh",Capacity Planning
odisha,jagatsinghapur,3184,15689,4.927449748743719,"jagatsinghapur, odisha",Low
karnataka,raichur,9779,48164,4.92524798036609,"raichur, karnataka",Capacity Planning
assam,lakhimpur,7199,35412,4.9190165300736215,"lakhimpur, assam",Capacity Planning
assam,kokrajhar,4609,22669,4.918420481666305,"kokrajhar, assam",Capacity Planning
maharashtra,dhule,12605,61908,4.911384371281238,"dhule, maharashtra",Capacity Planning
jammu and kashmir,reasi,1715,8400,4.8979591836734695,"reasi, jammu and kashmir",Low
assam,sibsagar,2737,13070,4.775301424917793,"sibsagar, assam",Low
rajasthan,jalor,13991,66690,4.766635694374956,"jalor, rajasthan",Capacity Planning
madhya pradesh,harda,2134,10167,4.764292408622306,"harda, madhya pradesh",Low
madhya pradesh,vidisha,10374,49297,4.751976094081357,"vidisha, madhya pradesh",Capacity Planning
assam,sonitpur,9197,43576,4.738066760900294,"sonitpur, assam",Capacity Planning
west bengal,kalimpong,513,2381,4.641325536062378,"kalimpong, west bengal",Low
jammu and kashmir,kishtwar,1269,5868,4.624113475177305,"kishtwar, jammu and kashmir",Low
karnataka,chikmagalur,154,712,4.623376623376624,"chikmagalur, karnataka",Low
assam,baksa,3699,17012,4.599080832657475,"baksa, assam",Low
madhya pradesh,panna,9339,42825,4.5856087375522,"panna, madhya pradesh",Capacity Planning
madhya pradesh,dewas,10442,47249,4.524899444550853,"dewas, madhya pradesh",Capacity Planning
madhya pradesh,chhatarpur,17836,79858,4.477349181430814,"chhatarpur, madhya pradesh",Capacity Planning
karnataka,chamarajanagar,249,1110,4.457831325301205,"chamarajanagar, karnataka",Low
madhya pradesh,shajapur,7025,31225,4.444839857651245,"shajapur, madhya pradesh",Capacity Planning
madhya pradesh,gwalior,18542,81719,4.407237622694423,"gwalior, madhya pradesh",Capacity Planning
assam,udalguri,4565,19780,4.332968236582694,"udalguri, assam",Low
madhya pradesh,sehore,6518,27869,4.275698066891684,"sehore, madhya pradesh",Capacity Planning
bihar,bhabua,31,132,4.258064516129032,"bhabua, bihar",Low
gujarat,panchmahals,7681,32470,4.22731415180315,"panchmahals, gujarat",Capacity Planning
assam,tinsukia,8384,35249,4.204317748091603,"tinsukia, assam",Capacity Planning
assam,marigaon,10487,43810,4.177553161056546,"marigaon, assam",Capacity Planning
manipur,churachandpur,4638,19273,4.155454937473049,"churachandpur, manipur",Low
madhya pradesh,bhind,13967,58016,4.153791078971862,"bhind, madhya pradesh",Capacity Planning
assam,barpeta,14383,59142,4.111937704234165,"barpeta, assam",Capacity Planning
assam,goalpara,9898,40567,4.098504748434027,"goalpara, assam",Capacity Planning
assam,jorhat,4887,19788,4.049109883364027,"jorhat, assam",Low
jammu and kashmir,ramban,1920,7754,4.038541666666666,"ramban, jammu and kashmir",Low
bihar,sitamarhi,42232,169848,4.021784428869104,"sitamarhi, bihar",Capacity Planning
assam,chirang,3348,13397,4.0014934289127835,"chirang, assam",Low
andaman and nicobar islands,nicobars,1,4,4.0,"nicobars, andaman and nicobar islands",Low
madhya pradesh,khandwa,4521,17730,3.9216987392169873,"khandwa, madhya pradesh",Low
maharashtra,nandurbar,10516,41044,3.903004944845949,"nandurbar, maharashtra",Capacity Planning
jammu and kashmir,kargil,530,2056,3.879245283018868,"kargil, jammu and kashmir",Low
rajasthan,sirohi,10732,41293,3.847651882221394,"sirohi, rajasthan",Capacity Planning
assam,hailakandi,5578,21302,3.8189315166726425,"hailakandi, assam",Capacity Planning
madhya pradesh,barwani,21823,82759,3.7922833707556247,"barwani, madhya pradesh",Capacity Planning
assam,dibrugarh,7062,26519,3.755168507504956,"dibrugarh, assam",Capacity Planning
assam,darrang,7595,28319,3.7286372613561554,"darrang, assam",Capacity Planning
punjab,kapurthala,3726,13872,3.7230273752012883,"kapurthala, punjab",Low
odisha,anugal,3,11,3.6666666666666665,"anugal, odisha",Low
madhya pradesh,narsimhapur,1189,4286,3.6047098402018505,"narsimhapur, madhya pradesh",Low
assam,hojai,7050,25308,3.589787234042553,"hojai, assam",Capacity Planning
uttar pradesh,bulandshahar,185,663,3.5837837837837836,"bulandshahar, uttar pradesh",Low
rajasthan,dhaulpur,139,488,3.5107913669064748,"dhaulpur, rajasthan",Low
gujarat,dahod,10509,35936,3.419545151774669,"dahod, gujarat",Capacity Planning
nagaland,wokha,558,1905,3.413978494623656,"wokha, nagaland",Low
gujarat,arvalli,2391,8096,3.386030949393559,"arvalli, gujarat",Low
chhattisgarh,dantewada,710,2398,3.3774647887323943,"dantewada, chhattisgarh",Low
assam,cachar,17514,58019,3.3127212515701725,"cachar, assam",Capacity Planning
uttar pradesh,bahraich,39338,129697,3.2969901876048606,"bahraich, uttar pradesh",Capacity Planning
gujarat,patan,8967,29559,3.296420207427233,"patan, gujarat",Capacity Planning
assam,kamrup,13666,44584,3.2624030440509295,"kamrup, assam",Capacity Planning
assam,dhemaji,6901,22349,3.2385161570786845,"dhemaji, assam",Capacity Planning
nagaland,zunheboto,761,2439,3.2049934296977662,"zunheboto, nagaland",Low
telangana,medchal−malkajgiri,535,1677,3.1345794392523363,"medchal−malkajgiri, telangana",Low
madhya pradesh,alirajpur,7010,21594,3.0804564907275322,"alirajpur, madhya pradesh",Capacity Planning
madhya pradesh,jhabua,13488,41462,3.0739916963226572,"jhabua, madhya pradesh",Capacity Planning
tamil nadu,thiruvallur,605,1823,3.013223140495868,"thiruvallur, tamil nadu",Low
west bengal,alipurduar,3673,10834,2.9496324530356657,"alipurduar, west bengal",Low
gujarat,mahisagar,2563,7507,2.9289894654701523,"mahisagar, gujarat",Low
nagaland,tseminyu,32,91,2.84375,"tseminyu, nagaland",Low
mizoram,saiha,657,1851,2.817351598173516,"saiha, mizoram",Low
assam,karimganj,14833,41414,2.7920177981527674,"karimganj, assam",Capacity Planning
madhya pradesh,khargone,15039,40980,2.7249152204268903,"khargone, madhya pradesh",Capacity Planning
nagaland,tuensang,1579,4239,2.6846105129829008,"tuensang, nagaland",Low
mizoram,lawngtlai,1642,4395,2.676613885505481,"lawngtlai, mizoram",Low
nagaland,dimapur,3196,8215,2.5704005006257824,"dimapur, nagaland",Low
gujarat,botad,2947,7545,2.5602307431286055,"botad, gujarat",Low
jammu and kashmir,doda,4504,11377,2.5259769094138544,"doda, jammu and kashmir",Low
gujarat,morbi,8004,19799,2.4736381809095453,"morbi, gujarat",Low
gujarat,banaskantha,30858,75207,2.43719618899475,"banaskantha, gujarat",Capacity Planning
assam,golaghat,11505,27924,2.4271186440677965,"golaghat, assam",Capacity Planning
gujarat,chhotaudepur,4107,9631,2.345020696372048,"chhotaudepur, gujarat",Low
uttar pradesh,mahrajganj,19,44,2.3157894736842106,"mahrajganj, uttar pradesh",Low
nagaland,kiphire,908,1958,2.156387665198238,"kiphire, nagaland",Low
rajasthan,jalore,494,1036,2.097165991902834,"jalore, rajasthan",Low
nagaland,mon,2223,4662,2.097165991902834,"mon, nagaland",Low
madhya pradesh,hoshangabad,5982,12403,2.073386827148111,"hoshangabad, madhya pradesh",Low
nagaland,kohima,1621,3308,2.040715607649599,"kohima, nagaland",Low
tamil nadu,tuticorin,2,4,2.0,"tuticorin, tamil nadu",Low
tamil nadu,tiruvarur,1,2,2.0,"tiruvarur, tamil nadu",Low
chhattisgarh,bijapur,6724,13047,1.9403628792385486,"bijapur, chhattisgarh",Low
nagaland,shamator,247,433,1.7530364372469636,"shamator, nagaland",Low
madhya pradesh,burhanpur,9689,16543,1.7074001444937559,"burhanpur, madhya pradesh",Low
arunachal pradesh,longding,897,1485,1.6555183946488294,"longding, arunachal pradesh",Low
nagaland,phek,1043,1468,1.4074784276126557,"phek, nagaland",Low
nagaland,noklak,354,447,1.2627118644067796,"noklak, nagaland",Low
nagaland,peren,1454,1804,1.2407152682255846,"peren, nagaland",Low
gujarat,ahmadabad,6667,7760,1.1639418029098545,"ahmadabad, gujarat",Low
mizoram,khawzawl,36,35,0.9722222222222222,"khawzawl, mizoram",Low
nagaland,longleng,889,820,0.922384701912261,"longleng, nagaland",Low
jammu and kashmir,bandipur,2,1,0.5,"bandipur, jammu and kashmir",Low
uttar pradesh,barabanki,11461,4960,0.4327720094232615,"barabanki, uttar pradesh",Low
gujarat,dohad,13003,5212,0.40083057755902485,"dohad, gujarat",Low
karnataka,bijapur(kar),3,1,0.3333333333333333,"bijapur(kar), karnataka",Low
haryana,yamunanagar,3455,428,0.12387843704775688,"yamunanagar, haryana",Low
gujarat,surendranagar,8297,913,0.11003977341207666,"surendranagar, gujarat",Low
andhra pradesh,mahabubnagar,1518,81,0.0533596837944664,"mahabubnagar, andhra pradesh",Low
tamil nadu,kanchipuram,387,8,0.020671834625323,"kanchipuram, tamil nadu",Low
Unknown/Invalid,100000,218,2,0.009174311926605505,"100000, Unknown/Invalid",Low
uttar pradesh,raebareli,9732,14,0.0014385532264693795,"raebareli, uttar pradesh",Low
